Workbook

Sheet State Readiness Tracker
A1: STATE | C1: STATE POC | E1: POWER PLATFORM ENVIRONMENTS | I1: NGB PRODUCTS | L1: DaaS | P1: TRAINING | S1: SCORE | T1: STATUS | U1: NOTES
A2: Code | B2: State / Territory | C2: POC Name | D2: POC Email | E2: Dev Env | F2: Test Env | G2: Prod Env | H2: DLP Applied | I2: Guardian Nexus | J2: Forecast | K2: Checkbook | L2: DaaS Enrolled | M2: DUA Signed | N2: Std Dims Provisioned | O2: Dataflow Requests | P2: 100-Level % | Q2: 200-Level % | R2: 300-Cert (Admin) | S2: Readiness Score | T2: Tier | U2: Notes
A3: AL | B3: Alabama | E3: N | F3: N | G3: N | H3: N | I3: N | J3: N | K3: N | L3: N | M3: N | N3: N | O3: 0 | P3: 0 | Q3: 0 | R3: N | S3: =ROUND(COUNTIF(E3,F3,G3,H3,I3,J3,K3,L3,M3,N3,R3,"Y")/11*100,0) | T3: =IF(S3>=80,"Tier 1",IF(S3>=50,"Tier 2",IF(S3>=20,"Tier 3","Tier 4")))
A4: AK | B4: Alaska | E4: N | F4: N | G4: N | H4: N | I4: N | J4: N | K4: N | L4: N | M4: N | N4: N | O4: 0 | P4: 0 | Q4: 0 | R4: N | S4: =ROUND(COUNTIF(E4,F4,G4,H4,I4,J4,K4,L4,M4,N4,R4,"Y")/11*100,0) | T4: =IF(S4>=80,"Tier 1",IF(S4>=50,"Tier 2",IF(S4>=20,"Tier 3","Tier 4")))
A5: AZ | B5: Arizona | E5: N | F5: N | G5: N | H5: N | I5: N | J5: N | K5: N | L5: N | M5: N | N5: N | O5: 0 | P5: 0 | Q5: 0 | R5: N | S5: =ROUND(COUNTIF(E5,F5,G5,H5,I5,J5,K5,L5,M5,N5,R5,"Y")/11*100,0) | T5: =IF(S5>=80,"Tier 1",IF(S5>=50,"Tier 2",IF(S5>=20,"Tier 3","Tier 4")))
A6: AR | B6: Arkansas | E6: N | F6: N | G6: N | H6: N | I6: N | J6: N | K6: N | L6: N | M6: N | N6: N | O6: 0 | P6: 0 | Q6: 0 | R6: N | S6: =ROUND(COUNTIF(E6,F6,G6,H6,I6,J6,K6,L6,M6,N6,R6,"Y")/11*100,0) | T6: =IF(S6>=80,"Tier 1",IF(S6>=50,"Tier 2",IF(S6>=20,"Tier 3","Tier 4")))
A7: CA | B7: California | E7: N | F7: N | G7: N | H7: N | I7: N | J7: N | K7: N | L7: N | M7: N | N7: N | O7: 0 | P7: 0 | Q7: 0 | R7: N | S7: =ROUND(COUNTIF(E7,F7,G7,H7,I7,J7,K7,L7,M7,N7,R7,"Y")/11*100,0) | T7: =IF(S7>=80,"Tier 1",IF(S7>=50,"Tier 2",IF(S7>=20,"Tier 3","Tier 4")))
A8: CO | B8: Colorado | E8: N | F8: N | G8: N | H8: N | I8: N | J8: N | K8: N | L8: N | M8: N | N8: N | O8: 0 | P8: 0 | Q8: 0 | R8: N | S8: =ROUND(COUNTIF(E8,F8,G8,H8,I8,J8,K8,L8,M8,N8,R8,"Y")/11*100,0) | T8: =IF(S8>=80,"Tier 1",IF(S8>=50,"Tier 2",IF(S8>=20,"Tier 3","Tier 4")))
A9: CT | B9: Connecticut | E9: N | F9: N | G9: N | H9: N | I9: N | J9: N | K9: N | L9: N | M9: N | N9: N | O9: 0 | P9: 0 | Q9: 0 | R9: N | S9: =ROUND(COUNTIF(E9,F9,G9,H9,I9,J9,K9,L9,M9,N9,R9,"Y")/11*100,0) | T9: =IF(S9>=80,"Tier 1",IF(S9>=50,"Tier 2",IF(S9>=20,"Tier 3","Tier 4")))
A10: DE | B10: Delaware | E10: N | F10: N | G10: N | H10: N | I10: N | J10: N | K10: N | L10: N | M10: N | N10: N | O10: 0 | P10: 0 | Q10: 0 | R10: N | S10: =ROUND(COUNTIF(E10,F10,G10,H10,I10,J10,K10,L10,M10,N10,R10,"Y")/11*100,0) | T10: =IF(S10>=80,"Tier 1",IF(S10>=50,"Tier 2",IF(S10>=20,"Tier 3","Tier 4")))
A11: FL | B11: Florida | E11: N | F11: N | G11: N | H11: N | I11: N | J11: N | K11: N | L11: N | M11: N | N11: N | O11: 0 | P11: 0 | Q11: 0 | R11: N | S11: =ROUND(COUNTIF(E11,F11,G11,H11,I11,J11,K11,L11,M11,N11,R11,"Y")/11*100,0) | T11: =IF(S11>=80,"Tier 1",IF(S11>=50,"Tier 2",IF(S11>=20,"Tier 3","Tier 4")))
A12: GA | B12: Georgia | E12: N | F12: N | G12: N | H12: N | I12: N | J12: N | K12: N | L12: N | M12: N | N12: N | O12: 0 | P12: 0 | Q12: 0 | R12: N | S12: =ROUND(COUNTIF(E12,F12,G12,H12,I12,J12,K12,L12,M12,N12,R12,"Y")/11*100,0) | T12: =IF(S12>=80,"Tier 1",IF(S12>=50,"Tier 2",IF(S12>=20,"Tier 3","Tier 4")))
A13: HI | B13: Hawaii | E13: N | F13: N | G13: N | H13: N | I13: N | J13: N | K13: N | L13: N | M13: N | N13: N | O13: 0 | P13: 0 | Q13: 0 | R13: N | S13: =ROUND(COUNTIF(E13,F13,G13,H13,I13,J13,K13,L13,M13,N13,R13,"Y")/11*100,0) | T13: =IF(S13>=80,"Tier 1",IF(S13>=50,"Tier 2",IF(S13>=20,"Tier 3","Tier 4")))
A14: ID | B14: Idaho | E14: N | F14: N | G14: N | H14: N | I14: N | J14: N | K14: N | L14: N | M14: N | N14: N | O14: 0 | P14: 0 | Q14: 0 | R14: N | S14: =ROUND(COUNTIF(E14,F14,G14,H14,I14,J14,K14,L14,M14,N14,R14,"Y")/11*100,0) | T14: =IF(S14>=80,"Tier 1",IF(S14>=50,"Tier 2",IF(S14>=20,"Tier 3","Tier 4")))
... A56: VI | B56: U.S. Virgin Islands | E56: N | F56: N | G56: N | H56: N | I56: N | J56: N | K56: N | L56: N | M56: N | N56: N | O56: 0 | P56: 0 | Q56: 0 | R56: N | S56: =ROUND(COUNTIF(E56,F56,G56,H56,I56,J56,K56,L56,M56,N56,R56,"Y")/11*100,0) | T56: =IF(S56>=80,"Tier 1",IF(S56>=50,"Tier 2",IF(S56>=20,"Tier 3","Tier 4")))

Sheet Summary Dashboard
A1: ARNG Power Platform — State Readiness Summary
A2: As of April 2, 2026 | NGB Digital Transformation Office | All values update automatically from tracker
A4: Total States/Territories | B4: PP Environments Ready | C4: DaaS Enrolled | D4: GN Deployed | E4: 300-Cert Admins | F4: Avg Readiness Score
A5: 54 | B5: =COUNTIFS('State Readiness Tracker'!E3:E56,"Y",'State Readiness Tracker'!F3:F56,"Y",'State Readiness Tracker'!G3:G56,"Y") | C5: =COUNTIF('State Readiness Tracker'!L3:L56,"Y") | D5: =COUNTIF('State Readiness Tracker'!I3:I56,"Y") | E5: =COUNTIF('State Readiness Tracker'!R3:R56,"Y") | F5: =ROUND(AVERAGE('State Readiness Tracker'!S3:S56),1)
A8: Tier Distribution
A9: Tier | B9: # of States | C9: % of 54 | D9: Definition
A10: Tier 1 (≥80%) | B10: =COUNTIF('State Readiness Tracker'!S3:S56,">="&80) | C10: =ROUND(B10/54*100,1)&"%" | D10: Full env + DaaS + GN/Forecast + trained admin
A11: Tier 2 (50-79%) | B11: =COUNTIFS('State Readiness Tracker'!S3:S56,">="&50,'State Readiness Tracker'!S3:S56,"<"&80) | C11: =ROUND(B11/54*100,1)&"%" | D11: Environments up, DaaS started, training in progress
A12: Tier 3 (20-49%) | B12: =COUNTIFS('State Readiness Tracker'!S3:S56,">="&20,'State Readiness Tracker'!S3:S56,"<"&50) | C12: =ROUND(B12/54*100,1)&"%" | D12: Environments partially provisioned, minimal training
A13: Tier 4 (<20%) | B13: =COUNTIF('State Readiness Tracker'!S3:S56,"<"&20) | C13: =ROUND(B13/54*100,1)&"%" | D13: Not started or very early stage
A15: Status Key
A16: Y | B16: Complete / Deployed
A17: N | B17: Not Started
A18: IP | B18: In Progress

Sheet Column Guide
A1: Column | B1: Allowed Values | C1: Description / Instructions
A2: Dev / Test / Prod Env | B2: Y / N / IP | C2: Y = environment fully provisioned with correct naming and DLP applied. IP = in progress.
A3: DLP Applied | B3: Y / N / IP | C3: Y = NGB DLP policy applied to all three environments and verified.
A4: Guardian Nexus | B4: Y / N / IP | C4: Y = state users have been provisioned access in Guardian Nexus by NGB.
A5: Forecast | B5: Y / N / IP | C5: Y = state users have been provisioned access to Forecast by NGB.
A6: Checkbook | B6: Y / N / IP | C6: Y = state users have been provisioned access to Checkbook by NGB.
A7: DaaS Enrolled | B7: Y / N / IP | C7: Y = state has completed DaaS onboarding (DUA signed + standard dims provisioned).
A8: DUA Signed | B8: Y / N | C8: Y = Data Use Agreement signed by state commander or delegate and filed with NGB.
A9: Std Dims Provisioned | B9: Y / N / IP | C9: Y = NGB has pushed standard dimension tables (Dim_Soldier, Dim_Unit, Dim_MOS, Dim_Rank, Dim_State, Dim_Date) into state Prod Dataverse.
A10: Dataflow Requests | B10: 0, 1, 2, 3... | C10: Count of active NGB-approved dataflow requests for this state.
A11: 100-Level % | B11: 0–100 | C11: Percentage of target state personnel who have completed the 100-level Foundations course.
A12: 200-Level % | B12: 0–100 | C12: Percentage of target state power users who have completed the 200-level Practitioner course.
... A16: Notes | B16: Free text | C16: Use for anything relevant: blockers, contacts, timeline, special circumstances.
